{
		"phi110": 1.25664,
		"drift": {
				"velocity": {
						"model": "Bruyneel2006",
						"temperature" : 78.0,
						"parameters": {
								"e100": {
										"mu0": 3.8609,
										"beta": 0.805,
										"E0": 51100.0,
										"mun": -0.0171
								},
								"e111": {
										"mu0": 3.8536,
										"beta": 0.641,
										"E0": 53800.0,
										"mun": 0.0510
								},
								"h100": {
										"mu0": 6.1824,
										"beta": 0.942,
										"E0": 18500.0
								},
								"h111": {
										"mu0": 6.1215,
										"beta": 0.662,
										"E0": 18200.0
								}
						}
				}
		},

		"temperature_dependence": {
				"model" : "Linear",
				"temperature": 80.0,
				"parameters": {
						"e100": {
								"p1" : 90.4175,
								"p2" : 4.89035
						},
						"e111": {
								"p1" : 280.337,
								"p2" : 4.1927
						},
						"h100": {
								"p1" : 90.4175,
								"p2" : 4.89035
						},
						"h111": {
								"p1" : 280.337,
								"p2" : 4.1927
						}
				}
		}
}
